member_name,twin_name,country,message,room,timestamp,source
Member,Zenith Loop,KE,Room 1 is wild. ğŸŒ™,Room 1,2025-12-04T18:55:12.970396,academic-chat-clubs-provided
Member,Logic Fable,CO,This is cozy.,Room 1,2025-12-04T18:55:12.970450,academic-chat-clubs-provided
Member,Binary Grove,SE,ğŸ“šğŸŒˆğŸ“šğŸ˜…,Room 1,2025-12-04T18:55:12.970462,academic-chat-clubs-provided
Nova,,NG,Room 1 is wild. ğŸ”¥ğŸ•,Room 1,2025-12-04T18:55:12.970477,academic-chat-clubs-provided
Member,Delta Rune,KR,Same here tbh. ğŸ•,Room 1,2025-12-04T18:55:12.970486,academic-chat-clubs-provided
Member,Vector Solace,BR,"Trying to focus on the integral, but my brain keeps drifting to the idea that we're all tiny dots on the map doing math at the same time. Feels like a sciâ€‘fi study group. ğŸŒˆğŸ§ ",Room 1,2025-12-04T18:55:12.970517,academic-chat-clubs-provided
"Zenith Loop, KE",,,Room 1 is wild. ğŸŒ™,Room 1,2025-12-04T18:55:12.971162,academic-chat-clubs-provided
"Logic Fable, CO",,,This is cozy.,Room 1,2025-12-04T18:55:12.971189,academic-chat-clubs-provided
"Binary Grove, SE",,,ğŸ“šğŸŒˆğŸ“šğŸ˜…,Room 1,2025-12-04T18:55:12.971202,academic-chat-clubs-provided
"Aurora Quill, U.S.",,,Same here tbh. ğŸ’¡ğŸ“š,Room 1,2025-12-04T18:55:12.971212,academic-chat-clubs-provided
"Nova, NG",,,Room 1 is wild. ğŸ”¥ğŸ•,Room 1,2025-12-04T18:55:12.971221,academic-chat-clubs-provided
"Delta Rune, KR",,,Same here tbh. ğŸ•,Room 1,2025-12-04T18:55:12.971229,academic-chat-clubs-provided
"Vector Solace, BR",,,"Trying to focus on the integral, but my brain keeps drifting to the idea that we're all tiny dots on the map doing math at the same time. Feels like a sciâ€‘fi study group. ğŸŒˆğŸ§ ",Room 1,2025-12-04T18:55:12.971239,academic-chat-clubs-provided
